sku,product_name,category,supplier,current_stock,avg_daily_demand,lead_time_days,unit_cost,selling_price,safety_stock,demand_std,incoming_stock,backorders
SKU-A,Product A,Demo,Demo Supplier,20,10,5,100,150,10,,0,0
SKU-B,Product B,Demo,Demo Supplier,200,5,4,80,120,10,,0,0
SKU-C,Product C,Demo,Demo Supplier,0,4,3,200,290,5,,0,0
SKU-101,Basmati Rice 5kg,Groceries,Annapurna Foods,45,12,6,420,560,,4,0,0
SKU-102,Sunflower Oil 1L,Groceries,Annapurna Foods,180,15,5,145,185,,5,0,0
SKU-103,Toor Dal 1kg,Groceries,Annapurna Foods,0,9,4,135,170,,3,0,6
SKU-104,Masala Tea 250g,Beverages,HillTop Traders,60,6,7,160,220,15,,40,0
SKU-105,Instant Coffee 100g,Beverages,HillTop Traders,25,4,7,240,330,8,,0,0
SKU-106,Mineral Water 1L (12-pack),Beverages,ClearSpring,90,20,2,180,240,,6,0,0
SKU-107,Herbal Shampoo 200ml,Personal Care,FreshLeaf,50,8,6,120,175,,,0,0
SKU-108,Toothpaste 150g,Personal Care,FreshLeaf,300,10,5,65,95,20,,0,0
SKU-109,Bath Soap (4-pack),Personal Care,FreshLeaf,1500,6,5,110,150,15,,0,0
SKU-110,Hand Sanitizer 500ml,Personal Care,MediSafe,400,1,8,90,140,5,,0,0
SKU-111,Detergent Powder 1kg,Household,CleanCo,35,7,5,110,150,,2,0,0
SKU-112,Dishwash Liquid 500ml,Household,CleanCo,140,6,4,85,120,12,,0,0
SKU-113,Floor Cleaner 1L,Household,CleanCo,12,3,6,150,210,6,,0,0
SKU-114,Garbage Bags (30),Household,PolyPack,220,0.3,10,60,95,0,,0,0
SKU-115,AA Batteries (4),Electronics,VoltMax,80,2,10,95,140,8,,0,0
SKU-116,LED Bulb 9W,Electronics,VoltMax,600,3,12,75,120,10,,0,0
SKU-117,Phone Charger Cable,Electronics,VoltMax,0,0,14,150,250,0,,0,0
SKU-118,Notebook A5 (pack of 5),Stationery,PaperWorks,70,5,6,140,200,10,,0,0
SKU-119,Ball Pens (10),Stationery,PaperWorks,15,4,6,55,80,,1.5,30,0
SKU-120,Biscuits Family Pack,Snacks,CrunchCo,110,14,3,48,65,,5,0,0
SKU-121,Potato Chips 150g,Snacks,CrunchCo,40,11,3,32,45,,4,0,0
